BEGIN TRANSACTION;
DROP TABLE IF EXISTS "Developers";
CREATE TABLE Developers (
    DeveloperID INT PRIMARY KEY,
    DeveloperName VARCHAR(100),
    Country VARCHAR(50),
    FoundedYear INT
);
DROP TABLE IF EXISTS "DeviceFeatures";
CREATE TABLE DeviceFeatures (
    FeatureID INT PRIMARY KEY,
    FeatureDescription VARCHAR(255),
    DeviceID INT,
    FOREIGN KEY (DeviceID) REFERENCES Devices(DeviceID)
);
DROP TABLE IF EXISTS "Devices";
CREATE TABLE Devices (
    DeviceID INT PRIMARY KEY,
    DeviceName VARCHAR(100),
    Manufacturer VARCHAR(100)
);
DROP TABLE IF EXISTS "Feedbacks";
CREATE TABLE Feedbacks (
    FeedbackID INT PRIMARY KEY,
    UserID INT,
    ProductID INT,
    FeedbackText TEXT,
    Rating INT,
    FeedbackDate DATE,
    FOREIGN KEY (UserID) REFERENCES Users(UserID),
    FOREIGN KEY (ProductID) REFERENCES Products(ProductID)
);
DROP TABLE IF EXISTS "Orders";
CREATE TABLE Orders (
    OrderID INT PRIMARY KEY,
    UserID INT,
    ProductID INT,
    OrderDate DATE,
    FOREIGN KEY (UserID) REFERENCES Users(UserID),
    FOREIGN KEY (ProductID) REFERENCES Products(ProductID)
);
DROP TABLE IF EXISTS "Products";
CREATE TABLE Products (
    ProductID INT PRIMARY KEY,
    ProductName VARCHAR(100),
    ProductType VARCHAR(50),
    DeveloperID INT,
    FOREIGN KEY (DeveloperID) REFERENCES Developers(DeveloperID)
);
DROP TABLE IF EXISTS "Subscriptions";
CREATE TABLE Subscriptions (
    SubscriptionID INT PRIMARY KEY,
    UserID INT,
    SubscriptionType VARCHAR(50),
    StartDate DATE,
    EndDate DATE,
    FOREIGN KEY (UserID) REFERENCES Users(UserID)
);
DROP TABLE IF EXISTS "Users";
CREATE TABLE Users (
    UserID INT PRIMARY KEY,
    UserName VARCHAR(100),
    Email VARCHAR(100),
    DateOfBirth DATE
);
INSERT INTO "Developers" ("DeveloperID","DeveloperName","Country","FoundedYear") VALUES (101,'TechCo','USA',2010),
 (102,'InnovateCorp','UK',2012),
 (103,'FutureGizmos','Canada',2015),
 (104,'VisionTech','Germany',2013),
 (105,'ImmersiveInc','USA',2016),
 (106,'SmartWear','Sweden',2018),
 (107,'TechLabs','Australia',2014),
 (108,'HyperVision','Japan',2020),
 (109,'NextGenVR','France',2017),
 (110,'WorldVR','South Korea',2019),
 (111,'GloveTech','USA',2021),
 (112,'RealTimeAR','India',2022),
 (113,'MetaWorld','China',2021),
 (114,'VRMasters','Spain',2018),
 (115,'HoloGear','Italy',2017),
 (116,'ARWorks','Netherlands',2015),
 (117,'PixelPlay','USA',2020),
 (118,'VisionaryTech','Canada',2019),
 (119,'QuantumVR','UK',2021),
 (120,'SmartVision','Denmark',2022);
INSERT INTO "DeviceFeatures" ("FeatureID","FeatureDescription","DeviceID") VALUES (1,'Full-HD display',1),
 (2,'Gesture control',2),
 (3,'Wireless connectivity',3),
 (4,'Augmented reality',4),
 (5,'Immersive haptics',5),
 (6,'Heart rate monitor',6),
 (7,'Voice control',7),
 (8,'Noise-cancellation',8),
 (9,'Motion tracking',9),
 (10,'3D holograms',10),
 (11,'Customizable fit',11),
 (12,'Eye tracking',12),
 (13,'Virtual reality',13),
 (14,'360-degree sound',14),
 (15,'Body tracking',15),
 (16,'Portable design',16),
 (17,'Adjustable head straps',17),
 (18,'Interactive touchpad',18),
 (19,'HD audio',19),
 (20,'Flexible sensors',20);
INSERT INTO "Devices" ("DeviceID","DeviceName","Manufacturer") VALUES (1,'VR Headset','TechCo'),
 (2,'AR Glasses','InnovateCorp'),
 (3,'VR Gloves','FutureGizmos'),
 (4,'AR Goggles','VisionTech'),
 (5,'VR Suit','ImmersiveInc'),
 (6,'AR Smart Watch','SmartWear'),
 (7,'VR Holo-Glasses','TechCo'),
 (8,'AR Headset','InnovateCorp'),
 (9,'VR Motion Controller','FutureGizmos'),
 (10,'AR Smart Glasses','VisionTech'),
 (11,'VR Enhanced Gloves','ImmersiveInc'),
 (12,'AR Headset Plus','SmartWear'),
 (13,'VR Gamepad','TechCo'),
 (14,'AR Smart Headphones','InnovateCorp'),
 (15,'VR Full-Body Suit','FutureGizmos'),
 (16,'AR Portable Projector','VisionTech'),
 (17,'VR Immersive Chair','ImmersiveInc'),
 (18,'AR Interactive Glasses','SmartWear'),
 (19,'VR Ultra Headset','TechCo'),
 (20,'AR Smart Ring','InnovateCorp');
INSERT INTO "Feedbacks" ("FeedbackID","UserID","ProductID","FeedbackText","Rating","FeedbackDate") VALUES (1,1,3,'Great product for immersion!',5,'1/20/2023'),
 (2,2,7,'Good fun, but a bit repetitive',4,'3/12/2023'),
 (3,3,12,'The app was useful for travel planning',5,'6/10/2023'),
 (4,4,8,'Not bad, could use more exercises',3,'7/25/2023'),
 (5,5,5,'VR Headset is fantastic, highly recommended',5,'9/10/2023'),
 (6,6,14,'The AR goggles were a bit bulky',3,'12/10/2023'),
 (7,7,19,'Scary but amazing, love the atmosphere',5,'11/5/2023'),
 (8,8,20,'Convenient for online shopping',4,'8/25/2023'),
 (9,9,2,'AR glasses were underwhelming',2,'5/20/2023'),
 (10,10,9,'Very comfortable, I use it all the time',5,'10/28/2023'),
 (11,11,11,'Awesome racing experience',4,'4/15/2023'),
 (12,12,6,'Couldn''t get them to fit well',2,'2/15/2023'),
 (13,13,4,'Helped me navigate new cities easily',5,'9/30/2023'),
 (14,14,17,'Great product, really immersive',5,'6/25/2023'),
 (15,15,18,'Works well, but could be thinner',4,'1/10/2023'),
 (16,16,1,'Great VR immersion, but heavy after a while',4,'7/15/2023'),
 (17,17,3,'The game was addictive',5,'11/18/2023'),
 (18,18,13,'Very comfortable to wear for long sessions',5,'12/5/2023'),
 (19,19,16,'The educational app is good but lacks variety',3,'3/25/2023'),
 (20,20,10,'Very useful for virtual meetings',4,'8/12/2023');
INSERT INTO "Orders" ("OrderID","UserID","ProductID","OrderDate") VALUES (1,1,3,'1/15/2023'),
 (2,2,7,'3/10/2023'),
 (3,3,12,'6/5/2023'),
 (4,4,8,'7/20/2023'),
 (5,5,5,'9/1/2023'),
 (6,6,14,'12/15/2023'),
 (7,7,19,'11/2/2023'),
 (8,8,20,'8/17/2023'),
 (9,9,2,'5/6/2023'),
 (10,10,9,'10/22/2023'),
 (11,11,11,'4/12/2023'),
 (12,12,6,'2/10/2023'),
 (13,13,4,'9/25/2023'),
 (14,14,17,'6/30/2023'),
 (15,15,18,'1/28/2023'),
 (16,16,1,'7/10/2023'),
 (17,17,3,'11/15/2023'),
 (18,18,13,'12/3/2023'),
 (19,19,16,'3/21/2023'),
 (20,20,10,'8/11/2023');
INSERT INTO "Products" ("ProductID","ProductName","ProductType","DeveloperID") VALUES (1,'VR Headset','Gadget',101),
 (2,'AR Glasses','Gadget',102),
 (3,'VR Game: Adventure','Software',103),
 (4,'AR App: Navigation','Software',104),
 (5,'VR Headset Pro','Gadget',105),
 (6,'AR Gloves','Gadget',106),
 (7,'VR Game: Battle Arena','Software',107),
 (8,'AR App: Fitness','Software',108),
 (9,'VR Glasses','Gadget',109),
 (10,'AR Headset','Gadget',110),
 (11,'VR Game: Racing','Software',111),
 (12,'AR App: Travel Guide','Software',112),
 (13,'VR Suit','Gadget',113),
 (14,'AR Goggles','Gadget',114),
 (15,'VR Game: Puzzle Master','Software',115),
 (16,'AR App: Education','Software',116),
 (17,'VR Holo-Glasses','Gadget',117),
 (18,'AR Smart Watch','Gadget',118),
 (19,'VR Game: Horror Escape','Software',119),
 (20,'AR App: Shopping','Software',120);
INSERT INTO "Subscriptions" ("SubscriptionID","UserID","SubscriptionType","StartDate","EndDate") VALUES (1,1,'Premium','1/15/2023','1/15/2024'),
 (2,2,'Standard','3/10/2023','3/10/2024'),
 (3,3,'Free','6/5/2023','6/5/2024'),
 (4,4,'Premium','7/20/2023','7/20/2024'),
 (5,5,'Standard','9/1/2023','9/1/2024'),
 (6,6,'Free','12/15/2023','12/15/2024'),
 (7,7,'Premium','11/2/2023','11/2/2024'),
 (8,8,'Standard','8/17/2023','8/17/2024'),
 (9,9,'Free','5/6/2023','5/6/2024'),
 (10,10,'Premium','10/22/2023','10/22/2024'),
 (11,11,'Standard','4/12/2023','4/12/2024'),
 (12,12,'Free','2/10/2023','2/10/2024'),
 (13,13,'Premium','9/25/2023','9/25/2024'),
 (14,14,'Standard','6/30/2023','6/30/2024'),
 (15,15,'Free','1/28/2023','1/28/2024'),
 (16,16,'Premium','7/10/2023','7/10/2024'),
 (17,17,'Standard','11/15/2023','11/15/2024'),
 (18,18,'Free','12/3/2023','12/3/2024'),
 (19,19,'Premium','3/21/2023','3/21/2024'),
 (20,20,'Standard','8/11/2023','8/11/2024');
INSERT INTO "Users" ("UserID","UserName","Email","DateOfBirth") VALUES (1,'John Doe','john.doe@example.com','5/14/1990'),
 (2,'Jane Smith','jane.smith@example.com','9/30/1985'),
 (3,'Alan Brown','alan.brown@example.com','3/22/2000'),
 (4,'Susan White','susan.white@example.com','7/19/1992'),
 (5,'Michael Clark','michael.clark@example.com','1/25/1988'),
 (6,'Linda Davis','linda.davis@example.com','11/11/1987'),
 (7,'Robert Lee','robert.lee@example.com','10/10/1993'),
 (8,'Emily Harris','emily.harris@example.com','2/20/1995'),
 (9,'David Walker','david.walker@example.com','7/7/1982'),
 (10,'Sophia Adams','sophia.adams@example.com','6/30/2001'),
 (11,'James Turner','james.turner@example.com','8/15/1994'),
 (12,'Olivia Scott','olivia.scott@example.com','12/5/1998'),
 (13,'Daniel King','daniel.king@example.com','4/9/1991'),
 (14,'Charlotte Martinez','charlotte.martinez@example.com','9/22/1997'),
 (15,'William Moore','william.moore@example.com','5/19/1996'),
 (16,'Alice Taylor','alice.taylor@example.com','3/12/1989'),
 (17,'Joseph Young','joseph.young@example.com','12/17/1984'),
 (18,'Natalie Wright','natalie.wright@example.com','1/4/1992'),
 (19,'Henry Walker','henry.walker@example.com','6/17/1993'),
 (20,'Victoria Harris','victoria.harris@example.com','10/22/1999');
COMMIT;
